{
  "algorithm_online": 0.4073959841625765,
  "linearization_setup": 0.023975000949576497,
  "total": 0.431370985112153
}
