{
  "algorithm_online": 0.423188318440225,
  "linearization_setup": 0.023597792955115438,
  "total": 0.4467861113953404
}
