{
  "algorithm_online": 0.34623773506609723,
  "linearization_setup": 0.022105999989435077,
  "total": 0.3683437350555323
}
