{
  "algorithm_online": 0.36878718121442944,
  "linearization_setup": 0.02282320795347914,
  "total": 0.3916103891679086
}
