{
  "algorithm_online": 0.4153322517522611,
  "linearization_setup": 0.024648833961691707,
  "total": 0.4399810857139528
}
