{
  "algorithm_online": 0.25322279112879187,
  "linearization_setup": 0.008779707946814597,
  "total": 0.26200249907560647
}
