{
  "algorithm_online": 273.89124156709295,
  "linearization_setup": 0.4874854589579627,
  "total": 274.3787270260509
}
