{
  "algorithm_online": 0.21816658950410783,
  "linearization_setup": 0.004678291967138648,
  "total": 0.22284488147124648
}
