{
  "algorithm_online": 1.535314418899361,
  "linearization_setup": 0.17860824993113056,
  "total": 1.7139226688304916
}
