{
  "algorithm_online": 0.2322896645637229,
  "linearization_setup": 0.005941542098298669,
  "total": 0.23823120666202158
}
