{
  "algorithm_online": 0.365681333001703,
  "linearization_setup": 0.02701241592876613,
  "total": 0.39269374893046916
}
