{
  "algorithm_online": 0.010804623656440526,
  "linearization_setup": 0.0002571250079199672,
  "total": 0.011061748664360493
}
