{
  "algorithm_online": 10.066902369610034,
  "linearization_setup": 0.8256840409012511,
  "total": 10.892586410511285
}
