{
  "algorithm_online": 80.85659349756315,
  "linearization_setup": 11.731750916922465,
  "total": 92.58834441448562
}
