{
  "algorithm_online": 0.41292188566876575,
  "linearization_setup": 0.042689000023528934,
  "total": 0.4556108856922947
}
