{
  "algorithm_online": 0.24496095499489456,
  "linearization_setup": 0.003959416993893683,
  "total": 0.24892037198878825
}
