{
  "algorithm_online": 0.191445579752326,
  "linearization_setup": 0.006961500039324164,
  "total": 0.19840707979165018
}
