{
  "algorithm_online": 0.42209708219161257,
  "linearization_setup": 0.042305750015657395,
  "total": 0.46440283220726997
}
