{
  "algorithm_online": 1.5918251277762465,
  "linearization_setup": 0.10794624901609495,
  "total": 1.6997713767923415
}
