{
  "algorithm_online": 0.24816201202338561,
  "linearization_setup": 0.0034217499778605998,
  "total": 0.2515837620012462
}
