{
  "algorithm_online": 0.3575803061830811,
  "linearization_setup": 0.040184167970437557,
  "total": 0.3977644741535187
}
