{
  "algorithm_online": 0.46288780926261097,
  "linearization_setup": 0.04520487500121817,
  "total": 0.5080926842638291
}
