{
  "algorithm_online": 0.07042440783698112,
  "linearization_setup": 0.001163416018243879,
  "total": 0.071587823855225
}
