{
  "algorithm_online": 0.4519967821543105,
  "linearization_setup": 0.04795599897624925,
  "total": 0.49995278113055974
}
