{
  "algorithm_online": 0.4870449908776209,
  "linearization_setup": 0.0255415000137873,
  "total": 0.5125864908914082
}
