{
  "algorithm_online": 0.3561022857320495,
  "linearization_setup": 0.04316495807142928,
  "total": 0.3992672438034788
}
