{
  "algorithm_online": 0.011381333984900266,
  "linearization_setup": 0.00025987502885982394,
  "total": 0.01164120901376009
}
