{
  "algorithm_online": 0.4311012058169581,
  "linearization_setup": 0.04255004203878343,
  "total": 0.47365124785574153
}
