{
  "algorithm_online": 0.4150249247904867,
  "linearization_setup": 0.040967957000248134,
  "total": 0.4559928817907348
}
