{
  "algorithm_online": 263.338663874194,
  "linearization_setup": 0.4734084588708356,
  "total": 263.81207233306486
}
