{
  "algorithm_online": 0.42535458580823615,
  "linearization_setup": 0.022965084004681557,
  "total": 0.4483196698129177
}
