{
  "algorithm_online": 0.48810396023327485,
  "linearization_setup": 0.02764483302598819,
  "total": 0.515748793259263
}
