{
  "algorithm_online": 0.43585649551823735,
  "linearization_setup": 0.02446095901541412,
  "total": 0.46031745453365147
}
