{
  "algorithm_online": 7.692466794862412,
  "linearization_setup": 0.13896854198537767,
  "total": 7.83143533684779
}
