{
  "algorithm_online": 0.44779937504790723,
  "linearization_setup": 0.02482104202499613,
  "total": 0.47262041707290336
}
