{
  "algorithm_online": 0.45586975128389895,
  "linearization_setup": 0.046718168014194816,
  "total": 0.5025879192980938
}
