{
  "algorithm_online": 0.011577331984881312,
  "linearization_setup": 0.00027479196432977915,
  "total": 0.01185212394921109
}
