{
  "algorithm_online": 0.4072253633639775,
  "linearization_setup": 0.02429233305156231,
  "total": 0.43151769641553983
}
