{
  "algorithm_online": 0.3757812359253876,
  "linearization_setup": 0.04932550003286451,
  "total": 0.4251067359582521
}
