{
  "algorithm_online": 1.6886890146997757,
  "linearization_setup": 0.23170591704547405,
  "total": 1.9203949317452498
}
