{
  "algorithm_online": 0.40757864026818424,
  "linearization_setup": 0.04399612406268716,
  "total": 0.4515747643308714
}
