{
  "algorithm_online": 263.22520923707634,
  "linearization_setup": 0.503225167049095,
  "total": 263.72843440412544
}
