{
  "algorithm_online": 0.3566478698630817,
  "linearization_setup": 0.022843875049147755,
  "total": 0.3794917449122295
}
