{
  "algorithm_online": 10.50405616813805,
  "linearization_setup": 0.9090341660194099,
  "total": 11.41309033415746
}
