{
  "algorithm_online": 0.4391581325326115,
  "linearization_setup": 0.0498439590446651,
  "total": 0.4890020915772766
}
