{
  "algorithm_online": 0.21443876344710588,
  "linearization_setup": 0.004383416962809861,
  "total": 0.21882218040991575
}
