{
  "algorithm_online": 0.2178104588529095,
  "linearization_setup": 0.006841791910119355,
  "total": 0.22465225076302886
}
