{
  "algorithm_online": 0.26515533530618995,
  "linearization_setup": 0.0032659179996699095,
  "total": 0.26842125330585986
}
