{
  "algorithm_online": 0.0704806245630607,
  "linearization_setup": 0.0002733750152401626,
  "total": 0.07075399957830086
}
