{
  "algorithm_online": 1.523380380938761,
  "linearization_setup": 0.16680654097581282,
  "total": 1.6901869219145738
}
