{
  "algorithm_online": 0.24503063230076805,
  "linearization_setup": 0.003219874983187765,
  "total": 0.2482505072839558
}
