{
  "algorithm_online": 0.1789037948474288,
  "linearization_setup": 0.0035543330013751984,
  "total": 0.182458127848804
}
