{
  "algorithm_online": 0.49701079120859504,
  "linearization_setup": 0.02703891706187278,
  "total": 0.5240497082704678
}
