{
  "algorithm_online": 0.4312984509742819,
  "linearization_setup": 0.05018754105549306,
  "total": 0.48148599202977493
}
