{
  "algorithm_online": 12.205533626722172,
  "linearization_setup": 0.8433575829258189,
  "total": 13.04889120964799
}
