{
  "algorithm_online": 0.3591212133760564,
  "linearization_setup": 0.02223487599985674,
  "total": 0.38135608937591314
}
