{
  "algorithm_online": 0.01112642843509093,
  "linearization_setup": 0.00025462498888373375,
  "total": 0.011381053423974663
}
