{
  "algorithm_online": 1.5126829873188399,
  "linearization_setup": 0.09813491598470137,
  "total": 1.6108179033035412
}
