{
  "algorithm_online": 0.3682548042270355,
  "linearization_setup": 0.02599533397005871,
  "total": 0.3942501381970942
}
