{
  "algorithm_online": 0.2593855236773379,
  "linearization_setup": 0.0036178749287500978,
  "total": 0.263003398606088
}
