{
  "algorithm_online": 0.37529911717865616,
  "linearization_setup": 0.04767945798812434,
  "total": 0.4229785751667805
}
