{
  "algorithm_online": 0.4314337011310272,
  "linearization_setup": 0.025309457967523485,
  "total": 0.4567431590985507
}
