{
  "algorithm_online": 0.18343024887144566,
  "linearization_setup": 0.005407292046584189,
  "total": 0.18883754091802984
}
