{
  "algorithm_online": 11.174444969277829,
  "linearization_setup": 0.9208737500011921,
  "total": 12.095318719279021
}
