{
  "algorithm_online": 0.48863720503868535,
  "linearization_setup": 0.026570251036901027,
  "total": 0.5152074560755864
}
