{
  "algorithm_online": 0.21233932732138783,
  "linearization_setup": 0.004590666852891445,
  "total": 0.21692999417427927
}
