{
  "algorithm_online": 0.5038309022202156,
  "linearization_setup": 0.02843883296009153,
  "total": 0.5322697351803072
}
