{
  "algorithm_online": 1.5840686947340146,
  "linearization_setup": 0.10679766803514212,
  "total": 1.6908663627691567
}
