{
  "algorithm_online": 0.07419186999322847,
  "linearization_setup": 0.0002814590116031468,
  "total": 0.07447332900483161
}
