{
  "algorithm_online": 0.41012804227648303,
  "linearization_setup": 0.043628791987430304,
  "total": 0.45375683426391333
}
