{
  "algorithm_online": 1.5091391522437334,
  "linearization_setup": 0.17668150004465133,
  "total": 1.6858206522883847
}
