{
  "algorithm_online": 0.012442189385183156,
  "linearization_setup": 0.0009762499830685556,
  "total": 0.013418439368251711
}
