{
  "algorithm_online": 0.21689346071798354,
  "linearization_setup": 0.006913666962645948,
  "total": 0.2238071276806295
}
