{
  "algorithm_online": 0.2536843792768195,
  "linearization_setup": 0.006066709058359265,
  "total": 0.2597510883351788
}
