{
  "algorithm_online": 267.36573624401353,
  "linearization_setup": 0.5099853751016781,
  "total": 267.8757216191152
}
