{
  "algorithm_online": 0.08935604378348216,
  "linearization_setup": 0.0013445410295389593,
  "total": 0.09070058481302112
}
