{
  "algorithm_online": 0.3648851586622186,
  "linearization_setup": 0.04367249901406467,
  "total": 0.40855765767628327
}
