{
  "algorithm_online": 0.20700333884451538,
  "linearization_setup": 0.0054128330666571856,
  "total": 0.21241617191117257
}
