{
  "algorithm_online": 0.21295971039216965,
  "linearization_setup": 0.004927124944515526,
  "total": 0.21788683533668518
}
