{
  "algorithm_online": 0.47096241754479706,
  "linearization_setup": 0.03132779197767377,
  "total": 0.5022902095224708
}
