{
  "algorithm_online": 0.5091991288936697,
  "linearization_setup": 0.056536082993261516,
  "total": 0.5657352118869312
}
