{
  "algorithm_online": 9.802182081271894,
  "linearization_setup": 0.18331225006841123,
  "total": 9.985494331340306
}
