{
  "algorithm_online": 1.4830714415293187,
  "linearization_setup": 0.10352474899264053,
  "total": 1.5865961905219592
}
