{
  "algorithm_online": 0.29100667010061443,
  "linearization_setup": 0.006084458087570965,
  "total": 0.2970911281881854
}
