{
  "algorithm_online": 0.44434608006849885,
  "linearization_setup": 0.04475708300014958,
  "total": 0.4891031630686484
}
