{
  "algorithm_online": 0.21751609165221453,
  "linearization_setup": 0.00812204193789512,
  "total": 0.22563813359010965
}
