{
  "algorithm_online": 0.011115414323285222,
  "linearization_setup": 0.0002702090423554182,
  "total": 0.01138562336564064
}
