{
  "algorithm_online": 0.21311262610834092,
  "linearization_setup": 0.025895167025737464,
  "total": 0.23900779313407838
}
