{
  "algorithm_online": 1.4378085415810347,
  "linearization_setup": 0.09928525099530816,
  "total": 1.5370937925763428
}
