{
  "algorithm_online": 0.44028202758636326,
  "linearization_setup": 0.047473041980993,
  "total": 0.48775506956735626
}
