{
  "algorithm_online": 0.4199658242287114,
  "linearization_setup": 0.024899999902117997,
  "total": 0.4448658241308294
}
