{
  "algorithm_online": 9.74857958976645,
  "linearization_setup": 0.1351949169766158,
  "total": 9.883774506743066
}
