{
  "algorithm_online": 221.42971280158963,
  "linearization_setup": 9.434632207965478,
  "total": 230.8643450095551
}
