{
  "algorithm_online": 0.42655478324741125,
  "linearization_setup": 0.04849908401956782,
  "total": 0.47505386726697907
}
