{
  "algorithm_online": 10.698219749261625,
  "linearization_setup": 0.8526902911253273,
  "total": 11.550910040386952
}
