{
  "algorithm_online": 0.42770878080045804,
  "linearization_setup": 0.04375524999340996,
  "total": 0.471464030793868
}
