{
  "algorithm_online": 0.3630559539888054,
  "linearization_setup": 0.025485457968898118,
  "total": 0.38854141195770353
}
