{
  "algorithm_online": 0.18015845713671297,
  "linearization_setup": 0.003213625052012503,
  "total": 0.18337208218872547
}
