{
  "algorithm_online": 1.5134675115114078,
  "linearization_setup": 0.09879550104960799,
  "total": 1.6122630125610158
}
