{
  "algorithm_online": 0.3491025213734247,
  "linearization_setup": 0.022291542030870914,
  "total": 0.3713940634042956
}
