{
  "algorithm_online": 0.3791159453103319,
  "linearization_setup": 0.025834917032625526,
  "total": 0.4049508623429574
}
