{
  "algorithm_online": 0.4380289279506542,
  "linearization_setup": 0.050668166019022465,
  "total": 0.48869709396967664
}
