{
  "algorithm_online": 0.4368117449339479,
  "linearization_setup": 0.05332545901183039,
  "total": 0.4901372039457783
}
