{
  "algorithm_online": 0.445027255336754,
  "linearization_setup": 0.04386404203251004,
  "total": 0.48889129736926407
}
