{
  "algorithm_online": 0.4560312975663692,
  "linearization_setup": 0.026506249967496842,
  "total": 0.482537547533866
}
