{
  "algorithm_online": 0.17966524988878518,
  "linearization_setup": 0.0038807069649919868,
  "total": 0.18354595685377717
}
