{
  "algorithm_online": 0.01216150081017986,
  "linearization_setup": 0.00026545801665633917,
  "total": 0.012426958826836199
}
