{
  "algorithm_online": 0.4271937473095022,
  "linearization_setup": 0.025423332932405174,
  "total": 0.4526170802419074
}
