{
  "algorithm_online": 1.5217190377297811,
  "linearization_setup": 0.1743956669815816,
  "total": 1.6961147047113627
}
