{
  "algorithm_online": 229.94276437885128,
  "linearization_setup": 111.367732624989,
  "total": 341.3104970038403
}
