{
  "algorithm_online": 0.4088342484901659,
  "linearization_setup": 0.022829374007415026,
  "total": 0.43166362249758095
}
