{
  "algorithm_online": 0.4234393364167772,
  "linearization_setup": 0.022973208979237825,
  "total": 0.44641254539601505
}
