{
  "algorithm_online": 1.6542803684715182,
  "linearization_setup": 0.18290370906470343,
  "total": 1.8371840775362216
}
