{
  "algorithm_online": 1.499592923966702,
  "linearization_setup": 0.1741653340868652,
  "total": 1.6737582580535673
}
