{
  "algorithm_online": 0.37237287766765803,
  "linearization_setup": 0.023051125986967236,
  "total": 0.39542400365462527
}
