{
  "algorithm_online": 0.442521286488045,
  "linearization_setup": 0.047205167065840214,
  "total": 0.4897264535538852
}
