{
  "algorithm_online": 0.43294272292405367,
  "linearization_setup": 0.04738004202954471,
  "total": 0.4803227649535984
}
