{
  "algorithm_online": 0.1909595833858475,
  "linearization_setup": 0.006537000997923315,
  "total": 0.19749658438377082
}
