{
  "algorithm_online": 80.74271057941951,
  "linearization_setup": 6.7671677499311045,
  "total": 87.50987832935061
}
