{
  "algorithm_online": 0.07025017018895596,
  "linearization_setup": 0.0002732090069912374,
  "total": 0.0705233791959472
}
