{
  "algorithm_online": 0.38159498950699344,
  "linearization_setup": 0.025922541972249746,
  "total": 0.4075175314792432
}
