{
  "algorithm_online": 0.3533387578208931,
  "linearization_setup": 0.02241729199886322,
  "total": 0.3757560498197563
}
