{
  "algorithm_online": 0.1813682479551062,
  "linearization_setup": 0.003444584086537361,
  "total": 0.18481283204164356
}
