{
  "algorithm_online": 0.23075403994880617,
  "linearization_setup": 0.01187908195424825,
  "total": 0.24263312190305442
}
