{
  "algorithm_online": 0.4164101200294681,
  "linearization_setup": 0.022576124989427626,
  "total": 0.4389862450188957
}
