{
  "algorithm_online": 10.276113993953913,
  "linearization_setup": 0.1317986660869792,
  "total": 10.407912660040893
}
