{
  "algorithm_online": 0.40940952964592725,
  "linearization_setup": 0.023967833956703544,
  "total": 0.4333773636026308
}
