{
  "algorithm_online": 0.44153179007116705,
  "linearization_setup": 0.04513037501601502,
  "total": 0.4866621650871821
}
