{
  "algorithm_online": 0.5464599227998406,
  "linearization_setup": 0.04508770804386586,
  "total": 0.5915476308437064
}
