{
  "algorithm_online": 1.7311063360539265,
  "linearization_setup": 0.10798474994953722,
  "total": 1.8390910860034637
}
