{
  "algorithm_online": 1.4855022387346253,
  "linearization_setup": 0.10061016696272418,
  "total": 1.5861124056973495
}
