{
  "algorithm_online": 1.4694862829637714,
  "linearization_setup": 0.10424674995010719,
  "total": 1.5737330329138786
}
