{
  "algorithm_online": 0.4499141449923627,
  "linearization_setup": 0.04809941694838926,
  "total": 0.49801356194075197
}
