{
  "algorithm_online": 0.07033149187918752,
  "linearization_setup": 0.0002660839818418026,
  "total": 0.07059757586102933
}
