{
  "algorithm_online": 0.22747681755572557,
  "linearization_setup": 0.0056700409622862935,
  "total": 0.23314685851801187
}
