{
  "algorithm_online": 0.07285674754530191,
  "linearization_setup": 0.00045175000559538603,
  "total": 0.0733084975508973
}
