{
  "algorithm_online": 0.36054336925735697,
  "linearization_setup": 0.022529041045345366,
  "total": 0.38307241030270234
}
