{
  "algorithm_online": 1.5451980046345852,
  "linearization_setup": 0.19901029096217826,
  "total": 1.7442082955967635
}
