{
  "algorithm_online": 0.2660572509630583,
  "linearization_setup": 0.0034504589857533574,
  "total": 0.2695077099488117
}
