{
  "algorithm_online": 0.4175221246550791,
  "linearization_setup": 0.02371475100517273,
  "total": 0.4412368756602518
}
