{
  "algorithm_online": 0.20531954267062247,
  "linearization_setup": 0.005887167062610388,
  "total": 0.21120670973323286
}
