{
  "algorithm_online": 0.18236554076429456,
  "linearization_setup": 0.005460707936435938,
  "total": 0.1878262487007305
}
