{
  "algorithm_online": 1.6139350545709021,
  "linearization_setup": 0.1863712920458056,
  "total": 1.8003063466167077
}
