{
  "algorithm_online": 0.2732577090500854,
  "linearization_setup": 0.0036100420402362943,
  "total": 0.2768677510903217
}
