{
  "algorithm_online": 0.4501856283750385,
  "linearization_setup": 0.04968008300056681,
  "total": 0.4998657113756053
}
