{
  "algorithm_online": 1.5341727727791294,
  "linearization_setup": 0.17055412603076547,
  "total": 1.704726898809895
}
