{
  "algorithm_online": 8.975145622971468,
  "linearization_setup": 0.13423541584052145,
  "total": 9.10938103881199
}
