{
  "algorithm_online": 267.64745486946777,
  "linearization_setup": 0.4834570420207456,
  "total": 268.1309119114885
}
