{
  "algorithm_online": 0.4455377565464005,
  "linearization_setup": 0.024731833022087812,
  "total": 0.4702695895684883
}
