{
  "algorithm_online": 0.36864924436667934,
  "linearization_setup": 0.042066208086907864,
  "total": 0.4107154524535872
}
