{
  "algorithm_online": 0.19180896028410643,
  "linearization_setup": 0.006948748952709138,
  "total": 0.19875770923681557
}
