{
  "algorithm_online": 0.46391103870701045,
  "linearization_setup": 0.050674708909355104,
  "total": 0.5145857476163656
}
