{
  "algorithm_online": 0.07335033145500347,
  "linearization_setup": 0.0002888329909183085,
  "total": 0.07363916444592178
}
