{
  "algorithm_online": 0.20166783314198256,
  "linearization_setup": 0.008282416150905192,
  "total": 0.20995024929288775
}
