{
  "algorithm_online": 0.4593732226639986,
  "linearization_setup": 0.04776612500427291,
  "total": 0.5071393476682715
}
