{
  "algorithm_online": 0.4489635791978799,
  "linearization_setup": 0.04522374999942258,
  "total": 0.49418732919730246
}
