{
  "algorithm_online": 268.42684056132566,
  "linearization_setup": 0.5079844170249999,
  "total": 268.93482497835066
}
