{
  "algorithm_online": 0.3364570683334023,
  "linearization_setup": 0.01579312514513731,
  "total": 0.3522501934785396
}
