{
  "algorithm_online": 0.37464731407817453,
  "linearization_setup": 0.02269383199745789,
  "total": 0.3973411460756324
}
