{
  "algorithm_online": 0.42048163764411584,
  "linearization_setup": 0.04137924901442602,
  "total": 0.46186088665854186
}
