{
  "algorithm_online": 0.36559216043679044,
  "linearization_setup": 0.022708083037286997,
  "total": 0.38830024347407743
}
