{
  "algorithm_online": 1.571900333627127,
  "linearization_setup": 0.18057258299086243,
  "total": 1.7524729166179895
}
