{
  "algorithm_online": 0.4963480268488638,
  "linearization_setup": 0.05369529203744605,
  "total": 0.5500433188863099
}
