{
  "algorithm_online": 261.9022235891316,
  "linearization_setup": 0.49190512497443706,
  "total": 262.39412871410605
}
