{
  "algorithm_online": 0.1942392479395494,
  "linearization_setup": 0.005878334050066769,
  "total": 0.20011758198961616
}
