{
  "algorithm_online": 0.44349800038617104,
  "linearization_setup": 0.025855417014099658,
  "total": 0.4693534174002707
}
