{
  "algorithm_online": 1.5428034987999126,
  "linearization_setup": 0.18689445895142853,
  "total": 1.7296979577513412
}
