{
  "algorithm_online": 1.55579687084537,
  "linearization_setup": 0.09944795805495232,
  "total": 1.6552448289003223
}
