{
  "algorithm_online": 0.3589103556587361,
  "linearization_setup": 0.0394339999766089,
  "total": 0.398344355635345
}
