{
  "algorithm_online": 1.5450687238480896,
  "linearization_setup": 0.19769116793759167,
  "total": 1.7427598917856812
}
