{
  "algorithm_online": 12.41592416819185,
  "linearization_setup": 0.8312464589253068,
  "total": 13.247170627117157
}
