{
  "algorithm_online": 1.5204454139457084,
  "linearization_setup": 0.1790472089778632,
  "total": 1.6994926229235716
}
