{
  "algorithm_online": 0.40618589404039085,
  "linearization_setup": 0.04342725104652345,
  "total": 0.4496131450869143
}
