{
  "algorithm_online": 259.5108923272928,
  "linearization_setup": 0.4725135409971699,
  "total": 259.98340586829
}
