{
  "algorithm_online": 0.22711500572040677,
  "linearization_setup": 0.006446207873523235,
  "total": 0.23356121359393
}
