{
  "algorithm_online": 0.41157812235178426,
  "linearization_setup": 0.040676000993698835,
  "total": 0.4522541233454831
}
