{
  "algorithm_online": 0.23324671143200248,
  "linearization_setup": 0.008405916974879801,
  "total": 0.24165262840688229
}
