{
  "algorithm_online": 0.4184224155615084,
  "linearization_setup": 0.04421974904835224,
  "total": 0.46264216460986063
}
