{
  "algorithm_online": 0.41296934784622863,
  "linearization_setup": 0.04303050000453368,
  "total": 0.4559998478507623
}
