{
  "algorithm_online": 0.44987200119066983,
  "linearization_setup": 0.0481613339507021,
  "total": 0.49803333514137194
}
