{
  "algorithm_online": 0.3857565807993524,
  "linearization_setup": 0.04497562500182539,
  "total": 0.43073220580117777
}
