{
  "algorithm_online": 0.36906457459554076,
  "linearization_setup": 0.022531624999828637,
  "total": 0.3915961995953694
}
