{
  "algorithm_online": 0.2549320110701956,
  "linearization_setup": 0.003804956970270723,
  "total": 0.2587369680404663
}
