{
  "algorithm_online": 0.40723437687847763,
  "linearization_setup": 0.04344833397772163,
  "total": 0.45068271085619926
}
