{
  "algorithm_online": 121.3713003336452,
  "linearization_setup": 0.18238858389668167,
  "total": 121.55368891754188
}
