{
  "algorithm_online": 0.4121759602567181,
  "linearization_setup": 0.04574579204199836,
  "total": 0.45792175229871646
}
