{
  "algorithm_online": 0.4715022064629011,
  "linearization_setup": 0.06733212497783825,
  "total": 0.5388343314407393
}
