{
  "algorithm_online": 0.35320224665338174,
  "linearization_setup": 0.022703583992552012,
  "total": 0.37590583064593375
}
