{
  "algorithm_online": 0.45268656162079424,
  "linearization_setup": 0.05543999996734783,
  "total": 0.5081265615881421
}
