{
  "algorithm_online": 0.20998666970990598,
  "linearization_setup": 0.007223834050819278,
  "total": 0.21721050376072526
}
