{
  "algorithm_online": 0.24679321784060448,
  "linearization_setup": 0.0034004999906755984,
  "total": 0.2501937178312801
}
