{
  "algorithm_online": 0.4329707957804203,
  "linearization_setup": 0.04479729104787111,
  "total": 0.4777680868282914
}
