{
  "algorithm_online": 0.011571131413802505,
  "linearization_setup": 0.00024287495762109756,
  "total": 0.011814006371423602
}
