{
  "algorithm_online": 0.4069866283098236,
  "linearization_setup": 0.015895624994300306,
  "total": 0.4228822533041239
}
